timestamp,x,y,floor,uid
2014-07-19T23:00:06.071,103.79211,71.50419417988532,1,600dfbe2
2014-07-19T23:00:06.074,110.33613,100.6828393188978,1,5e7b40e1
2014-07-19T23:00:06.076,110.066315,86.48873585227504,1,285d22e4
2014-07-19T23:00:06.076,103.78499,71.45633073293511,1,74d917a1
2014-07-19T23:00:06.076,109.09495,92.82448711015493,1,3c3649fb
2014-07-19T23:00:06.563,105.98095,67.84456254789256,1,d6f0300c
2014-07-19T23:00:05.821,103.461044,71.42452175621781,2,78b85537
2014-07-19T23:00:05.822,103.7674,71.47382163072028,2,27cb9c6f
2014-07-19T23:00:06.076,107.476204,73.34450467590266,2,042e36bd
2014-07-19T23:00:06.078,105.27734,87.58118231201172,2,1c01962e
2014-07-19T23:00:06.079,103.785805,71.4429286356105,2,26fc890b
2014-07-19T23:00:06.080,103.720085,71.37973540637665,2,d05c03a0
2014-07-19T23:00:06.081,107.343185,88.27521371968929,2,2f15d692
2014-07-19T23:00:06.081,100.84964,67.38097318411246,2,b53b76f9
2014-07-19T23:00:06.081,110.1006,66.26799122703169,2,f8c4ee12
2014-07-19T23:00:06.081,105.854195,87.77078816181071,2,ed3c7f8f
2014-07-19T23:00:06.082,96.142845,61.99788642852218,2,655f7545
2014-07-19T23:00:06.564,103.78293,71.48327490598336,2,fd3a0792
2014-07-19T23:00:06.564,103.927475,71.49321360543463,2,b43212e2
2014-07-19T23:00:05.821,104.722595,90.43501545526087,3,22533c61
2014-07-19T23:00:05.822,109.6942,66.2269939310113,3,e6b24f52
2014-07-19T23:00:06.074,109.71278,97.24288490419183,3,54ead428
2014-07-19T23:00:06.076,56.124245,71.1352177528313,3,f5381e59
2014-07-19T23:00:06.076,93.29675,63.89221211248636,3,9f096b15
2014-07-19T23:00:06.076,109.70228,71.47756311035924,3,51f21bd3
2014-07-19T23:00:06.078,104.626045,89.71097044046618,3,76130e72
2014-07-19T23:00:06.079,93.210075,63.858726117722924,3,f011b9a9
2014-07-19T23:00:06.081,57.414974,67.63951568816795,3,42816716
2014-07-19T23:00:06.081,103.91814,71.67476075422113,3,8b64a915
2014-07-19T23:00:06.570,93.26354,67.95513578910403,3,ef17c0a7
2014-07-19T23:00:06.632,104.45209,82.1037688870579,3,17c725e9
2014-07-19T23:00:07.017,103.7826,71.49702169194096,2,27cb9c6f
2014-07-19T23:00:07.018,103.79914,71.7109623418192,2,78b85537
2014-07-19T23:00:07.017,104.73007,90.46035156408325,3,22533c61
2014-07-19T23:00:07.018,109.65709,66.25278709311877,3,e6b24f52
2014-07-19T23:00:07.662,108.00988,90.4594949583339,1,3c3649fb
2014-07-19T23:00:07.664,110.33613,100.6828393188978,1,5e7b40e1
2014-07-19T23:00:07.426,103.77049,71.45860870492551,2,625f6cb6
2014-07-19T23:00:07.427,104.786125,82.91848283547186,2,62b7e6d2
2014-07-19T23:00:07.662,110.09798,66.28061533253734,2,f8c4ee12
2014-07-19T23:00:07.662,105.85551,87.76777131820307,2,ed3c7f8f
2014-07-19T23:00:07.663,107.32471,73.05856468296051,2,042e36bd
2014-07-19T23:00:07.663,103.758606,71.42421385826171,2,d05c03a0
2014-07-19T23:00:07.901,103.802315,71.45768329535821,2,b43212e2
2014-07-19T23:00:07.661,57.268677,67.97918285280466,3,42816716
2014-07-19T23:00:07.662,109.54283,71.49810407884512,3,51f21bd3
2014-07-19T23:00:07.901,103.90982,71.74686211917177,3,8b64a915
2014-07-19T23:00:08.397,110.20063,66.31036440954753,2,ac9cbee6
2014-07-19T23:00:08.825,102.79092,72.042493833462,2,625f6cb6
2014-07-19T23:00:08.826,103.76136,80.88821546677524,2,62b7e6d2
2014-07-19T23:00:08.397,108.91578,85.84814360700571,3,3007face
2014-07-19T23:00:08.398,65.44039,68.48505953127727,3,725fc915
2014-07-19T23:00:08.400,109.660286,66.18765431053215,3,e6b24f52
2014-07-19T23:00:09.513,110.34703,100.71543106187973,1,5e7b40e1
2014-07-19T23:00:10.509,103.778824,71.43915142506454,1,74d917a1
2014-07-19T23:00:09.509,103.76997,71.45883811313752,2,767a4ef0
2014-07-19T23:00:09.509,107.62956,88.34808838587347,2,2f15d692
2014-07-19T23:00:09.510,103.77684,87.19477079540584,2,f70f16cf
2014-07-19T23:00:09.510,110.06576,66.31899663592712,2,f8c4ee12
2014-07-19T23:00:09.511,104.14132,87.3080503435342,2,ed3c7f8f
2014-07-19T23:00:09.511,104.63483,71.82978145314753,2,042e36bd
2014-07-19T23:00:09.512,103.75095,71.43176231748075,2,d05c03a0
2014-07-19T23:00:09.724,110.123955,66.57079723795154,2,ac9cbee6
2014-07-19T23:00:09.509,57.39868,67.6325880587101,3,42816716
2014-07-19T23:00:09.510,109.016075,71.60317358002649,3,51f21bd3
2014-07-19T23:00:09.723,108.19867,83.82908970190584,3,3007face
2014-07-19T23:00:11.010,104.521645,84.4184049196078,1,d47e520d
2014-07-19T23:00:11.015,110.359505,100.79037476260238,1,5e7b40e1
2014-07-19T23:00:11.473,103.86075,81.14765678778663,1,593942df
2014-07-19T23:00:11.011,107.343185,88.27521371968929,2,2f15d692
2014-07-19T23:00:11.012,103.77579,71.40748404422774,2,20bcf0ad
2014-07-19T23:00:11.012,103.77684,87.19477079540584,2,f70f16cf
2014-07-19T23:00:11.012,110.22503,66.2507823861728,2,b20e5d99
2014-07-19T23:00:11.013,110.02043,66.35147582139913,2,f8c4ee12
2014-07-19T23:00:11.014,103.81236,71.51368941505346,2,d05c03a0
2014-07-19T23:00:11.474,103.783646,71.49760966117029,2,27cb9c6f
2014-07-19T23:00:11.474,104.13205,71.68077214092389,2,78b85537
2014-07-19T23:00:11.010,57.398914,67.61991170759552,3,42816716
2014-07-19T23:00:11.012,109.72266,71.59634436035157,3,51f21bd3
2014-07-19T23:00:11.242,107.20348,89.01633145479136,3,17c725e9
2014-07-19T23:00:11.242,104.716515,90.55212199302599,3,22533c61
2014-07-19T23:00:11.242,65.40771,68.57316795244836,3,725fc915
2014-07-19T23:00:11.934,108.72387,76.97484899894917,1,455b7943
2014-07-19T23:00:12.869,105.2293,74.93383458420286,1,600dfbe2
2014-07-19T23:00:12.870,104.91801,79.54471683288203,1,593942df
2014-07-19T23:00:12.873,107.698784,99.3430528049881,1,5e7b40e1
2014-07-19T23:00:11.933,110.18826,66.26565187305584,2,4e04ddfb
2014-07-19T23:00:11.934,105.06275,71.69017078043544,2,b1ec53fe
2014-07-19T23:00:12.871,102.6918,72.22374944845214,2,625f6cb6
2014-07-19T23:00:12.871,103.56561,71.97631916107237,2,20bcf0ad
2014-07-19T23:00:12.871,110.225174,66.2560130549306,2,b20e5d99
2014-07-19T23:00:12.872,104.69258,72.31031607464794,2,b53b76f9
2014-07-19T23:00:12.872,109.9728,66.39264288219275,2,f8c4ee12
2014-07-19T23:00:13.124,103.78478,71.44055209573382,2,26fc890b
2014-07-19T23:00:13.382,105.2812,87.56037030221172,2,1c01962e
2014-07-19T23:00:12.870,57.42141,67.63342451659055,3,42816716
2014-07-19T23:00:12.871,108.17308,91.47399263009522,3,17c725e9
2014-07-19T23:00:12.873,110.084755,66.36535740791844,3,e6b24f52
2014-07-19T23:00:13.123,103.08446,69.30860116404388,3,9f096b15
2014-07-19T23:00:14.331,107.638695,97.1435719705841,1,5e7b40e1
2014-07-19T23:00:15.453,106.76553,71.03694658282771,1,c3fcfbbb
2014-07-19T23:00:15.455,80.77515,63.54318252205849,1,ad6234fc
2014-07-19T23:00:14.329,104.15138,71.13695195710753,2,b1ec53fe
2014-07-19T23:00:14.332,102.85074,72.03135113987699,2,625f6cb6
2014-07-19T23:00:14.333,104.69258,72.31031607464794,2,b53b76f9
2014-07-19T23:00:14.333,110.0525,66.34060733757937,2,f8c4ee12
2014-07-19T23:00:15.229,103.70531,71.47854024693463,2,042e36bd
2014-07-19T23:00:15.230,106.883064,88.01684180523479,2,2f15d692
2014-07-19T23:00:15.453,66.32829,63.7932059765989,2,bb24856b
2014-07-19T23:00:14.331,57.42141,67.63342451659055,3,42816716
2014-07-19T23:00:14.549,109.80991,71.60935626226129,3,51f21bd3
2014-07-19T23:00:14.550,110.096565,66.36064734577411,3,e6b24f52
2014-07-19T23:00:15.005,103.983604,93.6287187266259,3,54ead428
2014-07-19T23:00:15.453,104.31748,81.14672416315437,3,a97a8d2b
2014-07-19T23:00:15.696,108.32573,95.36858272368553,1,5e7b40e1
2014-07-19T23:00:15.693,102.78278,72.04879322420456,2,625f6cb6
2014-07-19T23:00:15.694,103.4212,70.10223113431036,2,b1ec53fe
2014-07-19T23:00:15.694,103.614265,71.93304877787851,2,20bcf0ad
2014-07-19T23:00:15.694,105.923904,74.18798165824357,2,b53b76f9
2014-07-19T23:00:15.695,110.04182,66.35378308707871,2,f8c4ee12
2014-07-19T23:00:16.177,110.148285,66.39510244951025,2,4e04ddfb
2014-07-19T23:00:16.177,60.618477,61.122359064553166,2,f5381e59
2014-07-19T23:00:15.692,57.546764,67.22306546454557,3,42816716
2014-07-19T23:00:15.694,109.68303,71.4791094625825,3,51f21bd3
2014-07-19T23:00:15.935,94.11911,66.27740806723014,3,f011b9a9
2014-07-19T23:00:16.890,104.19207,82.19754661140242,1,3c3649fb
2014-07-19T23:00:17.138,108.771645,97.58696407793299,1,5e7b40e1
2014-07-19T23:00:17.910,108.72387,76.97484899894917,1,455b7943
2014-07-19T23:00:16.890,103.77183,71.43830139004649,2,21e1ffee
2014-07-19T23:00:16.890,103.73709,71.4070572461523,2,042e36bd
2014-07-19T23:00:17.135,103.88557,71.55554157668747,2,20bcf0ad
2014-07-19T23:00:17.137,110.0815,66.27799119729642,2,f8c4ee12
2014-07-19T23:00:17.455,109.99523,88.98646707092993,2,ed3c7f8f
2014-07-19T23:00:17.455,103.81236,71.51368941505346,2,d05c03a0
2014-07-19T23:00:17.681,110.23319,66.24550483786152,2,4e04ddfb
2014-07-19T23:00:17.136,109.68303,71.4791094625825,3,51f21bd3
2014-07-19T23:00:17.136,57.193684,67.91616747892235,3,42816716
2014-07-19T23:00:18.420,108.7833,97.64498391310335,1,5e7b40e1
2014-07-19T23:00:18.187,101.51847,76.31642699333862,2,62b7e6d2
2014-07-19T23:00:18.416,102.782,72.03674814447854,2,625f6cb6
2014-07-19T23:00:18.417,103.89799,71.96511163363442,2,21e1ffee
2014-07-19T23:00:18.417,110.12304,66.27721875774884,2,f8c4ee12
2014-07-19T23:00:18.418,103.74536,71.40884163880348,2,042e36bd
2014-07-19T23:00:18.650,110.25007,66.21186039735773,2,15d8290d
2014-07-19T23:00:18.893,103.80122,71.54770077259187,2,d05c03a0
2014-07-19T23:00:18.894,109.99523,88.98646707092993,2,ed3c7f8f
2014-07-19T23:00:19.383,108.319786,72.04534429422603,2,ac9cbee6
2014-07-19T23:00:18.415,56.898212,68.13026901241537,3,42816716
2014-07-19T23:00:18.894,109.68303,71.4791094625825,3,51f21bd3
2014-07-19T23:00:19.383,103.77168,71.45569935981277,3,3007face
2014-07-19T23:00:19.386,93.17495,63.8593486258036,3,f011b9a9
2014-07-19T23:00:19.824,109.09357,98.20299565137923,1,5e7b40e1
2014-07-19T23:00:21.045,104.53608,83.44133330137679,1,d47e520d
2014-07-19T23:00:21.284,107.37152,74.1821033809334,1,c3fcfbbb
2014-07-19T23:00:21.286,109.72233,100.21002825517789,1,5e7b40e1
2014-07-19T23:00:19.821,103.776184,87.22314178051055,2,f70f16cf
2014-07-19T23:00:19.822,110.10767,66.28412169183814,2,f8c4ee12
2014-07-19T23:00:20.589,103.82235,71.68766566744284,2,d05c03a0
2014-07-19T23:00:21.045,110.23343,66.24474188208953,2,4e04ddfb
2014-07-19T23:00:21.047,103.34137,70.18973041512072,2,b1ec53fe
2014-07-19T23:00:21.048,103.783134,71.49558216561773,2,5300b518
2014-07-19T23:00:21.284,110.225174,66.2560130549306,2,b20e5d99
2014-07-19T23:00:21.285,110.11095,66.29732310138736,2,f8c4ee12
2014-07-19T23:00:19.822,57.061474,68.02635767594964,3,42816716
2014-07-19T23:00:20.589,106.164986,92.35508696944662,3,22533c61
2014-07-19T23:00:21.285,57.072174,68.03801302388683,3,42816716
2014-07-19T23:00:21.949,105.88861,78.24815668584407,1,593942df
2014-07-19T23:00:21.950,110.203255,66.25827560145432,2,6379f1c5
2014-07-19T23:00:21.951,103.83864,71.95570937499497,2,d05c03a0
2014-07-19T23:00:22.163,103.88311,71.54979262911924,2,20bcf0ad
2014-07-19T23:00:21.949,105.12513,70.00574042517715,3,51f21bd3
2014-07-19T23:00:21.950,104.76957,90.58063689256296,3,22533c61
2014-07-19T23:00:22.163,109.30715,94.4519253425321,3,17c725e9
2014-07-19T23:00:22.164,110.00923,72.09392276520376,3,214b2a1f
2014-07-19T23:00:23.674,109.706764,100.53771119742305,1,5e7b40e1
2014-07-19T23:00:22.591,103.82141,71.60199946314097,2,5300b518
2014-07-19T23:00:22.591,110.10741,66.2863728964338,2,f8c4ee12
2014-07-19T23:00:22.805,110.23396,66.22958174773399,2,d643e674
2014-07-19T23:00:23.233,103.87022,71.82906041715503,2,d05c03a0
2014-07-19T23:00:23.673,103.84489,71.4709697756006,2,20bcf0ad
2014-07-19T23:00:23.673,102.68351,72.10752102544741,2,625f6cb6
2014-07-19T23:00:23.674,109.9486,89.01397480092221,2,1c01962e
2014-07-19T23:00:23.674,110.00587,66.3969022983315,2,f6f1e0ce
2014-07-19T23:00:22.588,57.189754,67.72320460445253,3,42816716
2014-07-19T23:00:22.804,65.6296,68.71666615369008,3,725fc915
2014-07-19T23:00:23.232,104.66583,90.42314564622939,3,22533c61
2014-07-19T23:00:23.233,103.34443,70.39438040917763,3,51f21bd3
2014-07-19T23:00:23.906,110.08896,66.29727744320408,2,f8c4ee12
2014-07-19T23:00:23.909,65.410545,68.26150396288396,3,725fc915
2014-07-19T23:00:23.903,57.232323,67.66521961847903,3,42816716
2014-07-19T23:00:26.587,109.390495,97.84547890383773,1,3bd6eb6a
2014-07-19T23:00:26.589,110.1015,100.71310090257228,1,5e7b40e1
2014-07-19T23:00:26.584,109.993744,89.00070511261,2,1c01962e
2014-07-19T23:00:26.584,103.299515,71.7278050033832,2,b1ec53fe
2014-07-19T23:00:26.588,103.81447,71.63270476555917,2,d05c03a0
2014-07-19T23:00:26.592,110.0983,66.28459110901132,2,f8c4ee12
2014-07-19T23:00:26.594,109.5501,66.74169357365021,2,f6f1e0ce
2014-07-19T23:00:27.065,103.85174,71.47569486010471,2,20bcf0ad
2014-07-19T23:00:26.583,109.567764,97.45397332404647,3,17c725e9
2014-07-19T23:00:26.590,58.096878,67.58622333244327,3,42816716
2014-07-19T23:00:26.591,108.38139,71.41844799370412,3,51f21bd3
2014-07-19T23:00:26.592,65.56554,67.07715121333395,3,725fc915
2014-07-19T23:00:27.066,99.840034,68.89633099355945,3,d6bf58ee
2014-07-19T23:00:28.000,109.944115,99.77280302001745,1,5e7b40e1
2014-07-19T23:00:28.484,110.234406,86.66852392197028,1,d39bc6ad
2014-07-19T23:00:27.754,107.3068,86.24762961982027,2,21e1ffee
2014-07-19T23:00:27.755,110.249405,66.20646981953178,2,4e04ddfb
2014-07-19T23:00:27.756,103.45753,71.63395994403982,2,31a3a23f
2014-07-19T23:00:27.998,110.097496,66.28500094304816,2,f8c4ee12
2014-07-19T23:00:27.999,103.83595,71.72353068065736,2,d05c03a0
2014-07-19T23:00:27.994,57.894737,67.94111994355009,3,42816716
2014-07-19T23:00:27.995,109.698555,97.44916688213148,3,17c725e9
2014-07-19T23:00:27.998,65.56554,67.07715121333395,3,725fc915
2014-07-19T23:00:28.484,93.21186,63.84771103389212,3,9f096b15
2014-07-19T23:00:29.158,110.30758,100.72310180813656,1,5e7b40e1
2014-07-19T23:00:29.152,110.21878,66.26058223724738,2,3cc9e48a
2014-07-19T23:00:29.157,103.80348,71.65019683560823,2,d05c03a0
2014-07-19T23:00:29.361,110.095,66.29109887558594,2,f8c4ee12
2014-07-19T23:00:29.367,110.11361,66.50567861194746,2,1bd4e1e0
2014-07-19T23:00:29.369,108.25289,86.46057319933757,2,27cb9c6f
2014-07-19T23:00:29.369,105.61413,80.92281140876585,2,6b4a4f25
2014-07-19T23:00:29.152,57.81429,68.20938551275763,3,42816716
2014-07-19T23:00:29.152,109.8936,97.42803264916782,3,17c725e9
2014-07-19T23:00:29.156,65.508354,68.61426215050766,3,725fc915
2014-07-19T23:00:29.586,93.21186,63.84771103389212,3,9f096b15
2014-07-19T23:00:29.586,93.14036,63.846010503100466,3,f011b9a9
2014-07-19T23:00:30.447,110.310455,100.74086618188396,1,5e7b40e1
2014-07-19T23:00:31.557,110.310455,100.74086618188396,1,5e7b40e1
2014-07-19T23:00:30.446,103.802246,71.45375634098053,2,d05c03a0
2014-07-19T23:00:30.867,105.16843,78.62992151439562,2,6b4a4f25
2014-07-19T23:00:30.867,110.09222,66.29350691591598,2,f8c4ee12
2014-07-19T23:00:30.867,107.56691,84.16768300777767,2,27cb9c6f
2014-07-19T23:00:31.085,56.108784,71.04133194252621,2,f5381e59
2014-07-19T23:00:31.087,103.77215,71.58889791247644,2,5300b518
2014-07-19T23:00:31.544,110.00421,66.45873023451864,2,1bd4e1e0
2014-07-19T23:00:30.442,58.548504,66.86956689036224,3,42816716
2014-07-19T23:00:30.442,109.23979,95.45218745905999,3,17c725e9
2014-07-19T23:00:30.442,104.71812,90.40794570129574,3,22533c61
2014-07-19T23:00:30.445,65.44307,68.58131289110426,3,725fc915
2014-07-19T23:00:30.867,93.31434,63.8874617025184,3,9f096b15
2014-07-19T23:00:31.553,58.695988,67.1240451394674,3,42816716
2014-07-19T23:00:31.554,108.96713,94.6291985959746,3,17c725e9
2014-07-19T23:00:31.554,104.72992,90.44780916906893,3,22533c61
2014-07-19T23:00:31.784,99.83381,67.73575134706893,2,0cb2f76c
2014-07-19T23:00:32.213,104.76916,76.57104140027636,2,6b4a4f25
2014-07-19T23:00:32.213,110.09361,66.29040599449073,2,f8c4ee12
2014-07-19T23:00:32.216,106.95009,82.10598133914266,2,27cb9c6f
2014-07-19T23:00:32.428,56.13021,71.0387948092355,2,f5381e59
2014-07-19T23:00:32.430,106.14377,87.91599332183972,2,ed3c7f8f
2014-07-19T23:00:32.430,110.21584,66.22800800842256,2,6379f1c5
2014-07-19T23:00:32.213,93.30327,63.8889685949767,3,9f096b15
2014-07-19T23:00:32.871,103.77299,71.47842366824136,2,26fc890b
2014-07-19T23:00:32.871,110.24607,66.2214406287691,2,d643e674
2014-07-19T23:00:32.643,110.229,71.73634562143707,3,214b2a1f
2014-07-19T23:00:32.867,58.360905,67.41042396289302,3,42816716
2014-07-19T23:00:32.868,104.73316,90.46152748601162,3,22533c61
2014-07-19T23:00:32.869,90.682625,67.87915760773444,3,f011b9a9
2014-07-19T23:00:33.530,104.37531,74.55777584115067,2,6b4a4f25
2014-07-19T23:00:33.530,110.09802,66.29304319435359,2,f8c4ee12
2014-07-19T23:00:33.531,103.802246,71.45375634098053,2,d05c03a0
2014-07-19T23:00:33.769,96.98628,62.437014027842324,2,b53b76f9
2014-07-19T23:00:33.770,105.866066,87.84930918004574,2,ed3c7f8f
2014-07-19T23:00:33.530,93.212776,63.84852878158563,3,9f096b15
2014-07-19T23:00:33.530,108.87338,71.52936051461474,3,51f21bd3
2014-07-19T23:00:34.448,104.91447,75.99606808203296,2,21e1ffee
2014-07-19T23:00:34.450,105.92828,78.69844195963442,2,27cb9c6f
2014-07-19T23:00:34.666,110.00131,88.99100861284509,2,1c01962e
2014-07-19T23:00:34.909,103.831085,71.50692723918334,2,d05c03a0
2014-07-19T23:00:34.910,103.9712,72.44945925059938,2,6b4a4f25
2014-07-19T23:00:34.910,110.11702,66.28106307517831,2,f8c4ee12
2014-07-19T23:00:34.910,109.994934,66.39049036754668,2,f6f1e0ce
2014-07-19T23:00:35.180,98.39048,64.21932080563367,2,b53b76f9
2014-07-19T23:00:34.446,57.687508,66.80945872116112,3,42816716
2014-07-19T23:00:34.448,88.47512,66.85166461584181,3,f011b9a9
2014-07-19T23:00:34.910,93.32852,63.90026852861419,3,9f096b15
2014-07-19T23:00:35.733,104.36715,74.04000989771471,2,21e1ffee
2014-07-19T23:00:35.734,105.61781,87.78598569549713,2,ed3c7f8f
2014-07-19T23:00:35.734,105.338326,76.74404153577635,2,27cb9c6f
2014-07-19T23:00:36.233,110.113335,66.26236445881077,2,f8c4ee12
2014-07-19T23:00:36.233,103.832756,71.50696350570047,2,d05c03a0
2014-07-19T23:00:36.446,99.626564,65.84892115999223,2,b53b76f9
2014-07-19T23:00:36.674,110.256516,66.20098097425047,2,15d8290d
2014-07-19T23:00:35.473,98.921585,66.52275036463979,3,d6bf58ee
2014-07-19T23:00:35.725,57.6127,67.02363967362419,3,42816716
2014-07-19T23:00:35.731,109.43972,94.42501755587966,3,17c725e9
2014-07-19T23:00:36.232,93.21481,63.84943839359656,3,9f096b15
2014-07-19T23:00:36.922,105.86682,87.8476344228387,2,ed3c7f8f
2014-07-19T23:00:37.585,110.109566,66.26912791362055,2,f8c4ee12
2014-07-19T23:00:37.586,103.803856,71.47721809902252,2,d05c03a0
2014-07-19T23:00:36.921,57.097965,68.50441537239594,3,42816716
2014-07-19T23:00:36.923,109.43756,94.47481729127466,3,17c725e9
2014-07-19T23:00:38.251,106.019066,64.6950925489983,2,4e04ddfb
2014-07-19T23:00:38.252,103.62917,72.08061084084423,2,62b7e6d2
2014-07-19T23:00:38.471,110.234406,86.66852392197028,1,d39bc6ad
2014-07-19T23:00:38.471,108.17168,88.63964608971122,2,ed3c7f8f
2014-07-19T23:00:38.471,57.002956,68.66538281694339,3,42816716
2014-07-19T23:00:38.925,110.095856,66.27323438510672,2,f8c4ee12
2014-07-19T23:00:38.926,103.81088,71.44867968270555,2,d05c03a0
2014-07-19T23:00:38.925,100.78764,69.59247237343435,3,51f21bd3
2014-07-19T23:00:38.926,100.13617,69.78806763769686,3,d6bf58ee
2014-07-19T23:00:39.600,110.21346,74.334144973038,1,08928e3b
2014-07-19T23:00:39.603,101.29021,68.05581319855992,2,b53b76f9
2014-07-19T23:00:39.816,108.41284,89.16542235398292,2,ed3c7f8f
2014-07-19T23:00:40.514,103.805695,71.58527241731062,2,6b4a4f25
2014-07-19T23:00:40.515,103.727615,71.401000997209,2,d05c03a0
2014-07-19T23:00:40.516,103.77627,71.58273873720528,2,27cb9c6f
2014-07-19T23:00:41.377,106.89344,88.05696131347888,2,95f1b6bd
2014-07-19T23:00:41.378,109.97434,88.9918855678311,2,2f15d692
2014-07-19T23:00:39.815,93.20607,63.84605007779691,3,9f096b15
2014-07-19T23:00:39.815,56.48908,69.71439538983448,3,42816716
2014-07-19T23:00:40.515,99.93244,69.23953852016129,3,d6bf58ee
2014-07-19T23:00:40.517,57.803642,65.6958146563361,3,b40222f3
2014-07-19T23:00:41.376,56.951584,68.86168094631378,3,42816716
2014-07-19T23:00:41.377,104.81108,90.43806695599201,3,22533c61
2014-07-19T23:00:41.379,102.28165,69.30403287569061,2,b53b76f9
2014-07-19T23:00:41.379,101.06903,73.77547889985144,2,ac9cbee6
2014-07-19T23:00:41.379,108.49029,89.15603434337326,2,ed3c7f8f
2014-07-19T23:00:41.875,57.350132,69.13743137915904,2,f5381e59
2014-07-19T23:00:41.876,110.095856,66.27323438510672,2,f8c4ee12
2014-07-19T23:00:41.379,101.367165,75.23055028677196,3,b20e5d99
2014-07-19T23:00:41.379,93.20583,63.84583817078383,3,9f096b15
2014-07-19T23:00:45.737,103.62856,71.61945878338278,1,600dfbe2
2014-07-19T23:00:45.739,103.593124,73.55043275989685,1,0ccefb5e
2014-07-19T23:00:46.776,110.21346,74.334144973038,1,08928e3b
2014-07-19T23:00:47.441,103.65482,71.58608016446814,1,600dfbe2
2014-07-19T23:00:47.442,103.76433,71.53462316613738,1,0ccefb5e
2014-07-19T23:00:47.442,110.20146,73.03030333862547,1,62080543
2014-07-19T23:00:49.284,103.853546,71.55495072412863,1,600dfbe2
2014-07-19T23:00:41.877,103.7959,71.60921741104126,2,27cb9c6f
2014-07-19T23:00:43.414,106.30766,84.9334802495325,2,95f1b6bd
2014-07-19T23:00:43.416,103.77164,71.47258976325766,2,26fc890b
2014-07-19T23:00:43.417,103.7959,71.60921741104126,2,27cb9c6f
2014-07-19T23:00:43.420,103.20778,71.9637072952697,2,ac9cbee6
2014-07-19T23:00:43.420,106.037445,87.86640386292711,2,ed3c7f8f
2014-07-19T23:00:43.420,110.09522,66.27355876073264,2,f8c4ee12
2014-07-19T23:00:43.910,103.80574,71.56578803219739,2,6b4a4f25
2014-07-19T23:00:43.910,102.79383,71.58034061609978,2,625f6cb6
2014-07-19T23:00:43.911,103.77194,71.45715249956027,2,d05c03a0
2014-07-19T23:00:43.912,109.985245,88.89277766530309,2,1c01962e
2014-07-19T23:00:44.804,103.90914,72.41968298441753,2,21e1ffee
2014-07-19T23:00:44.804,110.11002,66.31110066677466,2,f8c4ee12
2014-07-19T23:00:44.804,108.10511,88.50007348946505,2,ed3c7f8f
2014-07-19T23:00:45.739,102.87711,71.60844101975695,2,625f6cb6
2014-07-19T23:00:45.739,101.5984,73.96727362112725,2,767a4ef0
2014-07-19T23:00:45.739,107.24905,88.11294829160184,2,1c01962e
2014-07-19T23:00:45.739,109.96181,83.86903018777166,2,0cb2f76c
2014-07-19T23:00:45.739,101.87506,69.11653442384302,2,b53b76f9
2014-07-19T23:00:45.741,103.755875,71.53013243174647,2,d05c03a0
2014-07-19T23:00:45.741,104.79534,75.14312713514664,2,27cb9c6f
2014-07-19T23:00:46.533,110.12414,66.28433471214049,2,f8c4ee12
2014-07-19T23:00:47.442,101.87506,69.11653442384302,2,b53b76f9
2014-07-19T23:00:47.444,103.150314,72.21222965981904,2,767a4ef0
2014-07-19T23:00:47.444,103.73246,71.44268456495391,2,d05c03a0
2014-07-19T23:00:48.383,104.31757,71.82408724972257,2,8b64a915
2014-07-19T23:00:48.386,110.06521,66.32497947193892,2,f8c4ee12
2014-07-19T23:00:48.391,103.67395,72.11449670606852,2,62b7e6d2
2014-07-19T23:00:49.285,109.97434,88.9918855678311,2,2f15d692
2014-07-19T23:00:43.419,56.97258,68.72454103233758,3,42816716
2014-07-19T23:00:43.419,93.20637,63.84631802472868,3,9f096b15
2014-07-19T23:00:43.420,65.726395,68.47578613387887,3,725fc915
2014-07-19T23:00:44.802,57.000923,68.69816656835027,3,42816716
2014-07-19T23:00:44.804,100.66005,69.56609996084963,3,51f21bd3
2014-07-19T23:00:44.804,65.80006,69.00927422852837,3,725fc915
2014-07-19T23:00:46.531,57.00085,68.6982409391739,3,42816716
2014-07-19T23:00:46.533,93.20637,63.84631802472868,3,9f096b15
2014-07-19T23:00:46.533,101.721176,69.67220348805282,3,51f21bd3
2014-07-19T23:00:46.778,56.091785,71.15506323927693,3,f5381e59
2014-07-19T23:00:46.778,65.51778,68.31538725034241,3,725fc915
2014-07-19T23:00:47.445,93.17476,63.871295227893626,3,f011b9a9
2014-07-19T23:00:48.382,56.976547,68.71433453655337,3,42816716
2014-07-19T23:00:48.386,65.73148,67.94966956908092,3,725fc915
2014-07-19T23:00:49.285,105.32528,71.7138326501532,2,20bcf0ad
2014-07-19T23:00:49.734,110.15159,66.28123708833964,2,f8c4ee12
2014-07-19T23:00:49.735,103.04509,70.00390516602342,2,8b64a915
2014-07-19T23:00:50.397,101.88936,69.10174147103075,2,b53b76f9
2014-07-19T23:00:50.638,110.0505,89.01027753456519,2,ed3c7f8f
2014-07-19T23:00:51.552,102.948494,71.7367214879545,2,625f6cb6
2014-07-19T23:00:49.517,102.56136,69.07404719678894,3,51f21bd3
2014-07-19T23:00:49.734,56.565777,69.42473964217824,3,42816716
2014-07-19T23:00:49.734,65.960495,68.07012330801133,3,725fc915
2014-07-19T23:00:50.637,104.73316,90.46152748601162,3,22533c61
2014-07-19T23:00:51.552,57.433064,66.40184310203004,3,b40222f3
2014-07-19T23:00:53.461,103.66596,71.30034677661607,1,600dfbe2
2014-07-19T23:00:53.467,103.72823,71.43492415162012,2,d05c03a0
2014-07-19T23:00:53.471,102.51605,71.7283069999367,2,625f6cb6
2014-07-19T23:00:53.472,102.94191,69.78247944027278,2,8b64a915
2014-07-19T23:00:53.472,112.95071,91.97545014909119,2,2f15d692
2014-07-19T23:00:53.472,104.6214,72.11556511534751,2,20bcf0ad
2014-07-19T23:00:53.473,110.140045,66.27699602261558,2,f8c4ee12
2014-07-19T23:00:53.473,110.272194,89.20091647528321,2,ed3c7f8f
2014-07-19T23:00:53.473,110.24188,66.22685115469992,2,d643e674
2014-07-19T23:00:53.474,103.77395,71.47188499984355,2,5a51716a
2014-07-19T23:00:53.463,108.73578,93.09552143885195,3,17c725e9
2014-07-19T23:00:53.463,104.67828,90.4687092936188,3,22533c61
2014-07-19T23:00:53.470,103.48573,70.1935546471933,3,214b2a1f
2014-07-19T23:00:53.471,56.974045,68.71766413267795,3,42816716
2014-07-19T23:00:53.473,65.77925,68.55772861171607,3,725fc915
2014-07-19T23:00:53.920,103.64091,71.72797111257003,2,767a4ef0
2014-07-19T23:00:53.920,103.83373,71.46659184159361,2,b43212e2
2014-07-19T23:00:54.859,108.449135,77.75289313104585,1,8e00532b
2014-07-19T23:00:56.253,110.20146,73.03030333862547,1,62080543
2014-07-19T23:00:56.482,103.67174,71.29811394699011,1,600dfbe2
2014-07-19T23:00:56.483,103.64216,71.50143163572648,1,0ccefb5e
2014-07-19T23:00:54.858,103.32491,71.57478872897313,2,625f6cb6
2014-07-19T23:00:54.861,110.08973,66.2874646089601,2,f8c4ee12
2014-07-19T23:00:54.861,110.53154,89.38831428179984,2,ed3c7f8f
2014-07-19T23:00:54.862,103.75405,71.44113234409154,2,d05c03a0
2014-07-19T23:00:55.313,104.47358,87.38120643598982,2,1c01962e
2014-07-19T23:00:56.483,103.64664,71.73016114387289,2,767a4ef0
2014-07-19T23:00:54.858,56.639,69.62435917480127,3,42816716
2014-07-19T23:00:54.859,109.02344,93.81705627441406,3,17c725e9
2014-07-19T23:00:54.859,104.68663,90.47369144742284,3,22533c61
2014-07-19T23:00:54.861,65.64671,68.52093625781033,3,725fc915
2014-07-19T23:00:57.808,103.6591,71.27580163397734,1,600dfbe2
2014-07-19T23:00:57.810,108.449135,77.75289313104585,1,8e00532b
2014-07-19T23:00:57.822,103.72361,71.40960201364965,2,d05c03a0
2014-07-19T23:00:57.824,103.77771,71.48731752449274,2,3007face
2014-07-19T23:00:57.826,103.32491,71.57478872897313,2,625f6cb6
2014-07-19T23:00:57.826,103.63897,71.71790003442415,2,767a4ef0
2014-07-19T23:00:57.826,110.11079,66.27911510406085,2,f8c4ee12
2014-07-19T23:00:57.826,106.141396,87.92011286877678,2,ed3c7f8f
2014-07-19T23:00:58.485,101.99098,69.42086336240266,2,8b64a915
2014-07-19T23:00:58.487,110.24139,66.23265921706357,2,3cc9e48a
2014-07-19T23:00:57.810,108.57721,92.81375437499582,3,17c725e9
2014-07-19T23:00:57.820,93.21407,63.85320155881927,3,f011b9a9
2014-07-19T23:00:57.825,57.117256,68.34474689056375,3,42816716
2014-07-19T23:00:57.826,101.35639,70.47181232101866,3,51f21bd3
2014-07-19T23:00:57.826,65.63652,68.58200545946602,3,725fc915
2014-07-19T23:00:58.945,103.77784,71.49671872213506,2,3007face
2014-07-19T23:00:58.947,110.10318,66.28426774308458,2,f8c4ee12
2014-07-19T23:00:58.949,103.73947,71.44433638090268,2,d05c03a0
2014-07-19T23:00:58.945,110.65869,98.39073421573639,3,a97a8d2b
2014-07-19T23:00:58.946,57.11764,68.3505509940284,3,42816716
2014-07-19T23:00:59.596,103.6591,71.27580163397734,1,600dfbe2
2014-07-19T23:00:59.819,69.967995,64.11540555609972,1,a9a9944a
2014-07-19T23:00:59.597,109.97434,88.9918855678311,2,2f15d692
2014-07-19T23:00:59.817,101.98634,69.340816114665,2,8b64a915
2014-07-19T23:00:59.818,101.35653,74.03081100365357,2,20bcf0ad
2014-07-19T23:00:59.819,110.23178,66.23910954305902,2,3cc9e48a
2014-07-19T23:00:59.597,65.6559,68.65815697147045,3,725fc915
2014-07-19T23:00:59.819,101.56359,71.20954031466717,3,51f21bd3
2014-07-19T23:01:06.303,106.09853,67.71560743902089,1,ad6234fc
2014-07-19T23:01:06.307,110.23976,86.61917555970047,1,285d22e4
2014-07-19T23:01:06.307,100.947426,67.69738593409792,1,74d917a1
2014-07-19T23:01:06.315,60.32331,66.64922091503837,1,a9a9944a
2014-07-19T23:01:06.303,103.54157,71.26434605496027,2,600dfbe2
2014-07-19T23:01:06.303,61.80736,63.69842678903841,2,8d04f8cf
2014-07-19T23:01:06.304,110.21579,66.26895350337401,2,6379f1c5
2014-07-19T23:01:06.304,103.77829,71.50011550593749,2,3007face
2014-07-19T23:01:06.305,56.238323,64.71648839176406,2,710edeb2
2014-07-19T23:01:06.307,110.24197,66.21039959593327,2,d643e674
2014-07-19T23:01:06.307,112.976265,90.77449511229642,2,78b85537
2014-07-19T23:01:06.310,104.63066,87.42879881898406,2,1c01962e
2014-07-19T23:01:06.311,103.79469,71.45012105748151,2,26fc890b
2014-07-19T23:01:06.312,103.73383,71.40942174552032,2,d05c03a0
2014-07-19T23:01:06.314,108.096436,88.52526876664162,2,2f15d692
2014-07-19T23:01:06.314,104.46861,72.0295413552085,2,b53b76f9
2014-07-19T23:01:06.314,110.1257,66.27871875197067,2,f8c4ee12
2014-07-19T23:01:06.314,105.618164,87.78496661758423,2,ed3c7f8f
2014-07-19T23:01:06.315,110.144745,66.19902392882481,2,655f7545
2014-07-19T23:01:06.304,56.142982,70.81119792586402,3,b40222f3
2014-07-19T23:01:06.307,57.508095,68.45783885463165,3,f5381e59
2014-07-19T23:01:06.307,110.047005,71.55852507311874,3,51f21bd3
2014-07-19T23:01:06.310,108.68373,92.82287843664083,3,17c725e9
2014-07-19T23:01:06.311,93.157455,63.888397386641245,3,f011b9a9
2014-07-19T23:01:06.311,111.492294,73.22705291085039,3,fd3a0792
2014-07-19T23:01:06.313,107.67734,87.05276464954392,3,a97a8d2b
2014-07-19T23:01:06.313,57.230484,67.80946780157183,3,42816716
2014-07-19T23:01:06.314,65.819336,68.83948303604126,3,725fc915
2014-07-19T23:01:07.674,80.812996,63.56836345389509,1,b076bac0
2014-07-19T23:01:08.588,103.17863,68.02087457868294,1,4e04ddfb
2014-07-19T23:01:08.588,98.85396,64.9803242960656,1,74d917a1
2014-07-19T23:01:07.671,103.72746,71.51484837570135,2,600dfbe2
2014-07-19T23:01:07.672,103.733795,71.40440961972251,2,d05c03a0
2014-07-19T23:01:07.673,103.038445,77.2115349036234,2,62b7e6d2
2014-07-19T23:01:07.673,103.774994,71.49364446655288,2,3007face
2014-07-19T23:01:07.676,104.33818,72.03086426363234,2,b53b76f9
2014-07-19T23:01:07.676,110.13926,66.2846152313447,2,f8c4ee12
2014-07-19T23:01:07.676,107.65861,88.32194190341072,2,ed3c7f8f
2014-07-19T23:01:07.676,110.23396,66.22958174773399,2,d643e674
2014-07-19T23:01:07.676,110.15016,66.20596467539761,2,655f7545
2014-07-19T23:01:07.676,104.76104,84.73891249006637,2,3c3649fb
2014-07-19T23:01:08.588,110.22232,66.25260706851259,2,ac9cbee6
2014-07-19T23:01:08.588,114.50293,92.31758713150025,2,54488974
2014-07-19T23:01:07.672,109.45081,72.72041632405691,3,fd3a0792
2014-07-19T23:01:07.674,56.806564,68.9031074941391,3,42816716
2014-07-19T23:01:07.676,109.792206,71.49192198127881,3,51f21bd3
2014-07-19T23:01:08.844,80.8155,63.574750299174575,1,b076bac0
2014-07-19T23:01:08.842,103.7747,71.48796500982927,2,3007face
2014-07-19T23:01:08.846,105.02518,72.1913096033968,2,b53b76f9
2014-07-19T23:01:08.846,110.10926,66.30596541505331,2,f8c4ee12
2014-07-19T23:01:08.846,109.41147,88.80874784300104,2,ed3c7f8f
2014-07-19T23:01:08.847,104.39311,76.34339067072514,2,62b7e6d2
2014-07-19T23:01:08.607,103.69537,68.59276858903468,3,042e36bd
2014-07-19T23:01:08.844,56.783344,69.00740129031759,3,42816716
2014-07-19T23:01:08.846,109.36483,71.32944487935141,3,51f21bd3
2014-07-19T23:01:08.846,107.68982,72.31220467239618,3,fd3a0792
2014-07-19T23:01:09.533,103.65802,71.57904049409926,2,5a51716a
2014-07-19T23:01:09.971,103.17863,68.02087457868294,1,4e04ddfb
2014-07-19T23:01:09.971,99.81749,65.60408892862591,1,74d917a1
2014-07-19T23:01:10.755,56.381756,67.89893414634052,1,a9a9944a
2014-07-19T23:01:09.971,110.19909,66.29577469570214,2,ac9cbee6
2014-07-19T23:01:09.971,112.43057,91.85716039398685,2,54488974
2014-07-19T23:01:10.514,103.774994,71.48926519409194,2,3007face
2014-07-19T23:01:10.516,110.1097,66.33519340272085,2,f8c4ee12
2014-07-19T23:01:10.754,110.188896,66.21121648805239,2,d643e674
2014-07-19T23:01:10.754,108.096436,88.52526876664162,2,2f15d692
2014-07-19T23:01:10.983,103.68419,71.47904610250984,2,5a51716a
2014-07-19T23:01:09.971,106.19718,81.45020929446653,3,a97a8d2b
2014-07-19T23:01:10.516,109.07638,71.29072432308482,3,51f21bd3
2014-07-19T23:01:10.516,56.36504,70.07370165643334,3,42816716
2014-07-19T23:01:10.516,105.18482,71.77886893661343,3,fd3a0792
2014-07-19T23:01:10.983,103.10261,71.42119970615605,3,593942df
2014-07-19T23:01:11.865,106.10546,67.70302355313325,1,ad6234fc
2014-07-19T23:01:11.872,58.04271,67.37583999899122,1,a9a9944a
2014-07-19T23:01:11.868,103.79259,71.51054939948115,2,27cb9c6f
2014-07-19T23:01:11.868,103.77565,71.48963413193916,2,3007face
2014-07-19T23:01:11.871,109.5815,91.07793477029446,2,54488974
2014-07-19T23:01:11.871,63.386208,61.283012213560056,2,725fc915
2014-07-19T23:01:11.871,110.167366,66.31495488002174,2,f8c4ee12
2014-07-19T23:01:12.409,107.58696,88.22273502100352,2,2f15d692
2014-07-19T23:01:12.409,110.188896,66.21121648805239,2,d643e674
2014-07-19T23:01:11.865,108.40187,94.30732300227973,3,17c725e9
2014-07-19T23:01:11.865,104.75381,90.47044355467916,3,22533c61
2014-07-19T23:01:11.866,93.21407,63.85320155881927,3,f011b9a9
2014-07-19T23:01:11.867,96.545784,62.97568618010753,3,b20e5d99
2014-07-19T23:01:11.868,103.8028,71.50980874480703,3,fd3a0792
2014-07-19T23:01:11.869,57.283623,68.09367619859079,3,42816716
2014-07-19T23:01:11.871,109.16231,71.37325735274796,3,51f21bd3
2014-07-19T23:01:13.309,102.279976,68.46151093369373,1,4e04ddfb
2014-07-19T23:01:13.552,60.540833,66.63064936937391,1,a9a9944a
2014-07-19T23:01:12.859,103.867676,72.26943222141266,2,21e1ffee
2014-07-19T23:01:12.859,104.809395,87.48424108547368,2,ed3c7f8f
2014-07-19T23:01:13.309,105.45243,72.39563383772061,2,b53b76f9
2014-07-19T23:01:13.549,103.77839,71.49366464646556,2,3007face
2014-07-19T23:01:13.551,110.168076,66.27760857252869,2,f8c4ee12
2014-07-19T23:01:13.551,63.386208,61.283012213560056,2,725fc915
2014-07-19T23:01:13.551,103.78151,71.44398819378111,2,26fc890b
2014-07-19T23:01:13.551,104.65286,71.88855117047206,2,655f7545
2014-07-19T23:01:12.856,103.55861,74.2785573191652,3,593942df
2014-07-19T23:01:12.859,101.87633,73.2511478494564,3,042e36bd
2014-07-19T23:01:12.860,107.27344,87.62987969970703,3,54ead428
2014-07-19T23:01:13.550,57.17986,68.30574496734009,3,42816716
2014-07-19T23:01:13.550,108.407036,94.32310698756227,3,17c725e9
2014-07-19T23:01:13.551,108.91019,71.03498331547156,3,51f21bd3
2014-07-19T23:01:13.551,103.84971,71.62165468112589,3,fd3a0792
2014-07-19T23:01:13.773,110.240265,86.56779896307364,1,d39bc6ad
2014-07-19T23:01:14.673,104.11957,67.90738988853991,1,4e04ddfb
2014-07-19T23:01:15.142,62.90363,65.96047199421568,1,a9a9944a
2014-07-19T23:01:13.773,110.245766,66.27309408111708,2,15d8290d
2014-07-19T23:01:14.005,103.86068,71.5715709878339,2,5a51716a
2014-07-19T23:01:14.674,99.720085,64.09176284167938,2,74d917a1
2014-07-19T23:01:14.674,105.28974,72.52405863994011,2,b53b76f9
2014-07-19T23:01:15.136,103.77515,71.48677651619911,2,3007face
2014-07-19T23:01:15.138,104.62419,87.4259448726112,2,1c01962e
2014-07-19T23:01:15.140,110.15351,66.30202938219556,2,f8c4ee12
2014-07-19T23:01:15.140,63.386208,61.283012213560056,2,725fc915
2014-07-19T23:01:15.360,103.61824,71.24640657010022,2,5a51716a
2014-07-19T23:01:15.360,103.834366,87.1059108861545,2,2f15d692
2014-07-19T23:01:15.361,111.65257,81.5441625106046,2,d05c03a0
2014-07-19T23:01:14.444,101.911316,73.59301522411405,3,042e36bd
2014-07-19T23:01:15.137,56.41993,69.8061864422562,3,42816716
2014-07-19T23:01:15.137,108.13103,92.84940924870315,3,17c725e9
2014-07-19T23:01:15.140,109.721405,71.47943155438081,3,51f21bd3
2014-07-19T23:01:15.140,106.03711,90.62476441955566,3,de0a13a8
2014-07-19T23:01:15.597,99.42003,71.0934194415072,1,b1ec53fe
2014-07-19T23:01:15.820,109.84085,73.81770385289565,1,74d2e64a
2014-07-19T23:01:15.829,105.683624,67.47031266689673,1,4e04ddfb
2014-07-19T23:01:15.820,101.00466,73.23349508203776,3,e6b24f52
2014-07-19T23:01:16.978,101.48299,71.24300170715992,1,b1ec53fe
2014-07-19T23:01:16.981,80.812996,63.56836345389509,1,b076bac0
2014-07-19T23:01:16.984,65.6438,65.26128406739235,1,a9a9944a
2014-07-19T23:01:16.988,109.35992,75.38851718352386,1,74d2e64a
2014-07-19T23:01:16.980,109.98739,79.36588717183308,2,d05c03a0
2014-07-19T23:01:16.982,110.08172,66.37269471088447,2,f8c4ee12
2014-07-19T23:01:16.982,63.386208,61.283012213560056,2,725fc915
2014-07-19T23:01:16.982,104.762314,84.75599532698187,2,3c3649fb
2014-07-19T23:01:16.981,57.20408,69.05047127992124,3,42816716
2014-07-19T23:01:16.982,57.865974,68.90581208579266,3,f5381e59
2014-07-19T23:01:16.982,109.52035,71.40988358358877,3,51f21bd3
2014-07-19T23:01:16.988,101.49353,73.67354045063257,3,e6b24f52
2014-07-19T23:01:18.553,109.25844,75.79601282753143,1,74d2e64a
2014-07-19T23:01:17.879,110.03694,91.13533016573732,2,54488974
2014-07-19T23:01:17.880,105.346245,78.48359264002391,2,655f7545
2014-07-19T23:01:18.327,104.63097,71.53487701921259,2,b53b76f9
2014-07-19T23:01:18.553,110.14805,66.31485284055233,2,f8c4ee12
2014-07-19T23:01:18.553,63.386208,61.283012213560056,2,725fc915
2014-07-19T23:01:18.554,108.37421,77.26535766853392,2,d05c03a0
2014-07-19T23:01:18.556,103.77515,71.48677651619911,2,3007face
2014-07-19T23:01:18.552,57.280468,68.88624937206745,3,42816716
2014-07-19T23:01:18.553,106.56022,65.24265644247667,3,b20e5d99
2014-07-19T23:01:18.553,109.67371,71.64835309713357,3,51f21bd3
2014-07-19T23:01:18.555,101.3284,73.56173662215843,3,e6b24f52
2014-07-19T23:01:19.271,103.97283,77.0406613386909,1,ac9cbee6
2014-07-19T23:01:19.510,109.98203,66.37228904152872,1,4e04ddfb
2014-07-19T23:01:18.883,110.01704,91.531809022289,2,54488974
2014-07-19T23:01:18.929,56.238323,64.71648839176406,2,710edeb2
2014-07-19T23:01:19.271,103.85248,71.62019947768748,3,fd3a0792
2014-07-19T23:01:19.956,109.352005,75.43734121114854,1,74d2e64a
2014-07-19T23:01:19.954,103.77318,71.4798637516806,2,3007face
2014-07-19T23:01:19.959,56.238323,64.71648839176406,2,710edeb2
2014-07-19T23:01:19.955,57.142693,68.9975027093219,3,42816716
2014-07-19T23:01:19.956,108.660774,65.83553027329617,3,b20e5d99
2014-07-19T23:01:19.958,101.41463,73.54249015268032,3,e6b24f52
2014-07-19T23:01:21.761,104.57892,80.67793702186644,1,593942df
2014-07-19T23:01:20.416,110.14805,66.31485284055233,2,f8c4ee12
2014-07-19T23:01:20.416,105.02436,87.54173973948905,2,ed3c7f8f
2014-07-19T23:01:20.629,103.64907,71.24567436807813,2,5a51716a
2014-07-19T23:01:21.328,103.77092,71.47005775030796,2,3007face
2014-07-19T23:01:21.761,110.042915,66.23044712520786,2,b20e5d99
2014-07-19T23:01:21.761,107.184,73.02047709601955,2,f3b54e5e
2014-07-19T23:01:21.762,105.02435,87.54186791183055,2,ed3c7f8f
2014-07-19T23:01:21.762,110.09056,66.29854431024287,2,f8c4ee12
2014-07-19T23:01:21.762,110.23843,66.22657962211431,2,d643e674
2014-07-19T23:01:21.764,103.79259,71.51054939948115,2,27cb9c6f
2014-07-19T23:01:20.415,56.41556,69.38885861270602,3,ef28ae4f
2014-07-19T23:01:20.629,103.84971,71.62165468112589,3,fd3a0792
2014-07-19T23:01:21.086,104.74971,90.45319094882254,3,22533c61
2014-07-19T23:01:21.329,57.13523,68.98102218535752,3,42816716
2014-07-19T23:01:21.761,109.600296,71.42491426060442,3,51f21bd3
2014-07-19T23:01:21.762,64.70466,65.74413949476579,3,725fc915
2014-07-19T23:01:21.762,108.16974,92.87922248376906,3,17c725e9
2014-07-19T23:01:21.771,69.36867,64.119894188107,1,a9a9944a
2014-07-19T23:01:21.771,103.84967,71.61732153607905,3,fd3a0792
2014-07-19T23:01:22.087,104.67626,90.46000937435055,3,22533c61
2014-07-19T23:01:22.648,57.2643,68.89146237358969,3,42816716
2014-07-19T23:01:22.652,105.63423,87.20210948700552,2,21e1ffee
2014-07-19T23:01:22.873,110.03428,66.23291119430424,2,b20e5d99
2014-07-19T23:01:22.873,107.17555,73.28139701721166,2,f3b54e5e
2014-07-19T23:01:22.874,105.854195,87.77078816181071,2,ed3c7f8f
2014-07-19T23:01:22.874,110.04948,66.32277971972363,2,f8c4ee12
2014-07-19T23:01:22.874,110.240074,66.22263715861575,2,d643e674
2014-07-19T23:01:22.652,109.78918,93.40356126933568,3,54ead428
2014-07-19T23:01:22.873,109.37249,71.28392706530192,3,51f21bd3
2014-07-19T23:01:22.874,65.17913,67.28608049945929,3,725fc915
2014-07-19T23:01:22.874,108.36699,93.68400765720848,3,17c725e9
2014-07-19T23:01:22.876,69.36867,64.119894188107,3,a9a9944a
2014-07-19T23:01:25.781,110.16411,66.16577697659378,2,1bd4e1e0
2014-07-19T23:01:25.781,103.907036,71.54701918849,2,d05c03a0
2014-07-19T23:01:23.302,110.24244,86.57127758766734,1,d39bc6ad
2014-07-19T23:01:23.991,109.993744,66.36642776886,1,4e04ddfb
2014-07-19T23:01:24.880,104.369675,76.8796059026206,1,3007face
2014-07-19T23:01:23.304,110.01939,88.98802365907491,2,1c01962e
2014-07-19T23:01:23.992,60.03076,66.21726666355133,2,710edeb2
2014-07-19T23:01:23.993,110.03184,66.24100304741621,2,b20e5d99
2014-07-19T23:01:23.994,105.854195,87.77078816181071,2,ed3c7f8f
2014-07-19T23:01:23.994,110.10794,66.28718436110393,2,f8c4ee12
2014-07-19T23:01:23.995,110.24607,66.2214406287691,2,15d8290d
2014-07-19T23:01:24.424,103.89998,71.54774485107605,2,d05c03a0
2014-07-19T23:01:24.881,113.35854,92.39500206747115,2,de0a13a8
2014-07-19T23:01:25.572,111.29351,89.91132158325263,2,1c01962e
2014-07-19T23:01:25.574,110.03635,66.22989847273007,2,b20e5d99
2014-07-19T23:01:25.576,109.719795,68.66265780885914,2,4e04ddfb
2014-07-19T23:01:25.576,59.709198,66.4314735171236,2,710edeb2
2014-07-19T23:01:25.578,110.123085,66.26804399812804,2,f8c4ee12
2014-07-19T23:01:25.578,105.90247,87.79184578496987,2,ed3c7f8f
2014-07-19T23:01:25.578,103.85052,71.46323964889743,2,5a51716a
2014-07-19T23:01:23.302,99.202095,69.34686820359178,3,042e36bd
2014-07-19T23:01:23.303,103.84885,71.5986554154791,3,fd3a0792
2014-07-19T23:01:23.992,57.830303,66.85487495365139,3,42816716
2014-07-19T23:01:23.994,65.638275,68.7820525542833,3,725fc915
2014-07-19T23:01:23.996,101.41463,73.54249015268032,3,e6b24f52
2014-07-19T23:01:23.996,69.36867,64.119894188107,3,a9a9944a
2014-07-19T23:01:24.880,108.3583,93.7613739870584,3,17c725e9
2014-07-19T23:01:25.575,103.784,71.45273930324615,3,fd3a0792
2014-07-19T23:01:25.577,57.179554,68.46456075174787,3,42816716
2014-07-19T23:01:25.578,109.67723,71.31983474952075,3,51f21bd3
2014-07-19T23:01:25.578,65.59616,68.49433392370119,3,725fc915
2014-07-19T23:01:25.579,66.99781,64.21264665614092,3,a9a9944a
2014-07-19T23:01:26.882,109.352005,75.43734121114854,1,74d2e64a
2014-07-19T23:01:26.882,110.12905,66.28906274112524,2,f8c4ee12
2014-07-19T23:01:26.438,109.5255,96.05627200965677,3,17c725e9
2014-07-19T23:01:26.667,56.552834,68.7428025168574,3,ef28ae4f
2014-07-19T23:01:26.880,57.16234,68.48563397929165,3,42816716
2014-07-19T23:01:26.882,57.636364,69.01542907109537,3,f5381e59
2014-07-19T23:01:26.882,109.74398,71.33248813627497,3,51f21bd3
2014-07-19T23:01:26.882,65.51825,68.71106151284278,3,725fc915
2014-07-19T23:01:26.883,65.08088,64.8157204406897,3,a9a9944a
2014-07-19T23:01:27.346,110.182526,66.17323247507588,2,1bd4e1e0
2014-07-19T23:01:27.348,103.76994,71.44899039097969,2,27cb9c6f
2014-07-19T23:01:27.574,104.78206,79.69659960054699,2,21e1ffee
2014-07-19T23:01:27.574,110.034004,66.23086918813387,2,b20e5d99
2014-07-19T23:01:27.575,103.791016,71.47558992004394,2,6b4a4f25
2014-07-19T23:01:27.575,104.22013,87.34455924796895,2,ed3c7f8f
2014-07-19T23:01:28.276,97.7218,65.77822931581736,2,6379f1c5
2014-07-19T23:01:28.276,103.8897,71.55979554994055,2,d05c03a0
2014-07-19T23:01:28.518,110.12905,66.28906274112524,2,f8c4ee12
2014-07-19T23:01:27.575,101.190506,73.25445553388539,3,e6b24f52
2014-07-19T23:01:28.276,109.15695,93.90452443892136,3,17c725e9
2014-07-19T23:01:28.515,57.705254,68.03095510673919,3,42816716
2014-07-19T23:01:28.518,109.77146,71.37932879245491,3,51f21bd3
2014-07-19T23:01:28.518,65.79912,68.88919498358015,3,725fc915
2014-07-19T23:01:29.406,110.245995,66.20553013924719,2,4e04ddfb
2014-07-19T23:01:29.406,57.99413,61.95439408928208,2,710edeb2
2014-07-19T23:01:29.407,110.22645,66.20140857558721,2,3cc9e48a
2014-07-19T23:01:29.408,104.4369,76.89938998176926,2,21e1ffee
2014-07-19T23:01:29.408,110.12017,66.20700463278243,2,b20e5d99
2014-07-19T23:01:29.409,104.55884,71.9299563524723,2,b53b76f9
2014-07-19T23:01:29.409,104.11953,87.3123965659237,2,ed3c7f8f
2014-07-19T23:01:29.408,92.96584,63.82544460815401,3,f011b9a9
2014-07-19T23:01:29.631,103.88404,71.54871925242269,2,d05c03a0
2014-07-19T23:01:29.632,99.73183,65.76799701808486,2,6379f1c5
2014-07-19T23:01:29.861,56.980793,69.08460819560621,3,42816716
2014-07-19T23:01:29.864,110.08604,71.6330761790669,3,51f21bd3
2014-07-19T23:01:29.864,65.94592,68.42990751034021,3,725fc915
2014-07-19T23:01:30.533,110.12905,66.28906274112524,2,f8c4ee12
2014-07-19T23:01:30.755,104.18539,74.84569026826159,2,21e1ffee
2014-07-19T23:01:30.755,110.12739,66.20569982902356,2,b20e5d99
2014-07-19T23:01:30.755,110.2459,66.20489763489016,2,4e04ddfb
2014-07-19T23:01:30.760,103.76743,71.43329246016802,2,d05c03a0
2014-07-19T23:01:30.979,104.19116,87.33099211907387,2,ed3c7f8f
2014-07-19T23:01:30.979,110.23636,66.23154212618246,2,d643e674
2014-07-19T23:01:30.997,103.908585,87.28072147642169,2,54488974
2014-07-19T23:01:31.410,103.76803,71.44821426699147,2,fd3a0792
2014-07-19T23:01:30.756,104.67626,90.46000937435055,3,22533c61
2014-07-19T23:01:30.978,109.54301,71.42700144744501,3,51f21bd3
2014-07-19T23:01:30.978,57.226494,68.29973479988077,3,42816716
2014-07-19T23:01:30.979,65.970055,67.98266996873753,3,725fc915
2014-07-19T23:01:30.997,57.46306,69.13295803438965,3,f5381e59
2014-07-19T23:01:32.344,110.24398,66.20619101713434,2,4e04ddfb
2014-07-19T23:01:32.345,103.95135,72.79864307427802,2,21e1ffee
2014-07-19T23:01:32.345,110.14278,66.27980230466369,2,f8c4ee12
2014-07-19T23:01:32.571,110.125565,66.19532689031307,2,b20e5d99
2014-07-19T23:01:32.571,104.11003,81.23364455776755,2,f3b54e5e
2014-07-19T23:01:32.572,104.149055,87.32616150198155,2,ed3c7f8f
2014-07-19T23:01:32.574,110.226166,66.24287855402008,2,d643e674
2014-07-19T23:01:32.344,104.73316,90.46152748601162,3,22533c61
2014-07-19T23:01:32.571,56.165432,70.99958041822077,3,f5381e59
2014-07-19T23:01:32.572,109.747025,71.49917474854831,3,51f21bd3
2014-07-19T23:01:32.572,57.31175,68.28947288548346,3,42816716
2014-07-19T23:01:32.572,65.788925,68.59842985828314,3,725fc915
2014-07-19T23:01:32.574,104.51742,88.7043800282313,3,3bd6eb6a
2014-07-19T23:01:32.816,103.87276,71.4067474413896,2,b43212e2
2014-07-19T23:01:32.824,103.770546,71.45671914154873,2,26fc890b
2014-07-19T23:01:33.491,103.92005,72.59218041319423,2,21e1ffee
2014-07-19T23:01:33.492,110.21925,66.24117678552959,2,4e04ddfb
2014-07-19T23:01:33.498,110.14038,66.28577447533607,2,f8c4ee12
2014-07-19T23:01:32.579,109.17032,93.89272754493729,3,17c725e9
2014-07-19T23:01:33.264,57.009335,67.69171351381956,3,a9a9944a
2014-07-19T23:01:35.984,106.45445,72.91902691401634,1,ac9cbee6
2014-07-19T23:01:33.952,103.79575,71.4898508265263,2,26fc890b
2014-07-19T23:01:33.950,111.29382,89.89991765505076,2,1c01962e
2014-07-19T23:01:33.951,104.149055,87.32616150198155,2,ed3c7f8f
2014-07-19T23:01:34.383,107.7864,82.34273822520883,2,e6b24f52
2014-07-19T23:01:34.830,103.948044,72.70939470891003,2,21e1ffee
2014-07-19T23:01:34.830,110.11199,66.14470089504519,2,1bd4e1e0
2014-07-19T23:01:34.830,110.125565,66.19532689031307,2,b20e5d99
2014-07-19T23:01:34.831,110.13442,66.28376185261668,2,f8c4ee12
2014-07-19T23:01:35.308,103.74803,71.39343400597666,2,d05c03a0
2014-07-19T23:01:35.760,110.1849,66.2795831607713,2,4e04ddfb
2014-07-19T23:01:35.761,110.206696,66.23154967639223,2,3cc9e48a
2014-07-19T23:01:36.449,110.04552,66.17649556134734,2,b20e5d99
2014-07-19T23:01:36.453,103.947815,72.71157101275027,2,21e1ffee
2014-07-19T23:01:36.453,110.015434,66.69606662669429,2,1bd4e1e0
2014-07-19T23:01:36.453,110.08124,66.27242797912658,2,f8c4ee12
2014-07-19T23:01:36.453,107.881485,88.49539596594963,2,ed3c7f8f
2014-07-19T23:01:36.455,106.219765,79.32003364021168,2,e6b24f52
2014-07-19T23:01:33.948,57.75791,67.25837535719037,3,42816716
2014-07-19T23:01:33.949,109.119965,93.64125611338392,3,17c725e9
2014-07-19T23:01:33.951,109.20582,71.1493307604047,3,51f21bd3
2014-07-19T23:01:33.951,65.76559,68.66645398998843,3,725fc915
2014-07-19T23:01:33.951,106.57491,88.94322065951512,3,3bd6eb6a
2014-07-19T23:01:34.833,55.07776,69.4065152745843,3,a9a9944a
2014-07-19T23:01:35.761,102.667175,76.55924692215025,3,214b2a1f
2014-07-19T23:01:36.452,57.222607,68.33345544756443,3,42816716
2014-07-19T23:01:36.453,109.48948,71.19075199915679,3,51f21bd3
2014-07-19T23:01:36.453,66.006935,68.7952321259773,3,725fc915
2014-07-19T23:01:36.455,53.087273,71.21831604955369,3,a9a9944a
2014-07-19T23:01:37.771,107.618065,70.75594030926587,1,ac9cbee6
2014-07-19T23:01:37.767,110.05617,66.182603714169,2,b20e5d99
2014-07-19T23:01:37.768,74.81763,60.74304044938088,2,fcda4bda
2014-07-19T23:01:37.769,107.27799,84.04492081309692,2,62b7e6d2
2014-07-19T23:01:37.770,110.19967,66.23629106245026,2,3cc9e48a
2014-07-19T23:01:37.771,110.03258,66.31786770953332,2,f8c4ee12
2014-07-19T23:01:37.771,109.84765,89.15613410353684,2,ed3c7f8f
2014-07-19T23:01:37.986,110.01838,66.69417600328126,2,1bd4e1e0
2014-07-19T23:01:37.764,109.99847,79.77295655237535,3,6b4a4f25
2014-07-19T23:01:37.769,104.79295,74.82898617029284,3,214b2a1f
2014-07-19T23:01:37.769,57.23864,68.32265376023227,3,42816716
2014-07-19T23:01:37.771,56.481583,69.07811018247996,3,ef28ae4f
2014-07-19T23:01:37.771,109.48948,71.19075199915679,3,51f21bd3
2014-07-19T23:01:37.771,66.05026,68.11711056912318,3,725fc915
2014-07-19T23:01:37.774,51.891857,72.32164773165486,3,a9a9944a
2014-07-19T23:01:38.640,110.200005,66.26609247192391,2,6379f1c5
2014-07-19T23:01:39.296,110.05921,66.17682402167493,2,b20e5d99
2014-07-19T23:01:39.297,110.031586,66.34147509047762,2,f8c4ee12
2014-07-19T23:01:39.508,103.94985,72.71286156075658,2,21e1ffee
2014-07-19T23:01:39.509,104.81556,71.98528927160078,2,b53b76f9
2014-07-19T23:01:39.509,110.22224,66.24552195834019,2,3cc9e48a
2014-07-19T23:01:39.294,57.100853,68.53649435959966,3,42816716
2014-07-19T23:01:39.295,100.61568,68.80683605630044,3,d6bf58ee
2014-07-19T23:01:39.296,109.48875,71.40082243648381,3,51f21bd3
2014-07-19T23:01:39.299,106.4127,73.53486883575678,3,214b2a1f
2014-07-19T23:01:39.967,105.4565,88.51046795816067,1,d47e520d
2014-07-19T23:01:41.298,104.9536,86.47693427175376,1,d47e520d
2014-07-19T23:01:41.299,103.84595,71.7149998972416,1,0ccefb5e
2014-07-19T23:01:41.300,98.23308,68.44731898599211,1,042e36bd
2014-07-19T23:01:39.743,110.21584,66.22800800842256,2,57874daa
2014-07-19T23:01:39.968,103.74671,71.4035287145155,2,d05c03a0
2014-07-19T23:01:39.970,110.21852,66.27878811284992,2,4e04ddfb
2014-07-19T23:01:40.631,110.06495,66.15483117404604,2,b20e5d99
2014-07-19T23:01:40.632,110.11084,66.2917279138565,2,f8c4ee12
2014-07-19T23:01:41.298,110.217094,66.26928031682618,2,4e04ddfb
2014-07-19T23:01:41.299,103.93034,72.63013818245474,2,21e1ffee
2014-07-19T23:01:41.300,109.2711,90.10760978303942,2,54488974
2014-07-19T23:01:41.727,110.01838,66.69417600328126,2,1bd4e1e0
2014-07-19T23:01:39.967,65.942314,68.43824023934104,3,725fc915
2014-07-19T23:01:40.631,109.46085,71.18548217347102,3,51f21bd3
2014-07-19T23:01:40.631,57.723938,67.76457009972631,3,42816716
2014-07-19T23:01:40.635,107.78728,72.3746105083162,3,214b2a1f
2014-07-19T23:01:41.298,104.72198,90.47250614708312,3,22533c61
2014-07-19T23:01:41.299,111.52437,73.6728894602144,3,39b2795d
2014-07-19T23:01:41.300,65.31021,66.6139682979323,3,725fc915
2014-07-19T23:01:41.730,110.06262,66.1653112488389,2,b20e5d99
2014-07-19T23:01:41.731,110.11607,66.29253481884393,2,f8c4ee12
2014-07-19T23:01:41.730,56.139393,71.01465712820792,3,f5381e59
2014-07-19T23:01:41.730,109.65263,71.46601304898505,3,51f21bd3
2014-07-19T23:01:41.730,57.534447,68.14207246481092,3,42816716
2014-07-19T23:01:41.733,109.006714,71.54458154016733,3,214b2a1f
2014-07-19T23:01:42.678,99.06574,70.46341719064512,1,042e36bd
2014-07-19T23:01:43.828,110.32617,89.5955616607666,1,3bd6eb6a
2014-07-19T23:01:44.277,101.61179,73.97831723359437,1,20bcf0ad
2014-07-19T23:01:44.279,98.99022,70.34047816586587,1,0cb2f76c
2014-07-19T23:01:42.677,103.9825,73.01441650845949,2,21e1ffee
2014-07-19T23:01:42.678,110.52197,89.38986881351471,2,ed3c7f8f
2014-07-19T23:01:42.907,110.22469,66.26419380011991,2,4e04ddfb
2014-07-19T23:01:43.370,109.90508,66.9539496113921,2,1bd4e1e0
2014-07-19T23:01:43.370,110.06267,66.16711516582313,2,b20e5d99
2014-07-19T23:01:43.371,110.086296,66.27828784469538,2,f8c4ee12
2014-07-19T23:01:43.828,108.974686,78.4035779416794,2,26fc890b
2014-07-19T23:01:44.049,103.89509,72.56215260748961,2,21e1ffee
2014-07-19T23:01:44.050,110.9645,89.70975101255836,2,ed3c7f8f
2014-07-19T23:01:44.050,103.77002,71.45227790927888,2,95f1b6bd
2014-07-19T23:01:44.278,97.37938,65.30449240154121,2,5a51716a
2014-07-19T23:01:44.278,111.6036,90.19590227594809,2,1c01962e
2014-07-19T23:01:42.677,111.475136,73.5679765634893,3,39b2795d
2014-07-19T23:01:42.678,104.682144,90.49554115325306,3,22533c61
2014-07-19T23:01:42.908,92.870575,64.02962645161524,3,f011b9a9
2014-07-19T23:01:43.371,57.191616,68.83659629922832,3,42816716
2014-07-19T23:01:43.375,109.11963,71.3537404718399,3,214b2a1f
2014-07-19T23:01:44.278,57.803642,65.6958146563361,3,b40222f3
2014-07-19T23:01:44.279,51.882267,72.32418605947313,3,a9a9944a
2014-07-19T23:01:44.586,110.110504,66.28935823187605,2,f8c4ee12
2014-07-19T23:01:44.586,109.65263,71.46601304898505,3,51f21bd3
2014-07-19T23:01:44.586,56.966076,68.97800530528329,3,42816716
2014-07-19T23:01:44.588,109.22525,71.4965696499087,3,214b2a1f
2014-07-19T23:01:46.293,107.64701,81.67819451144919,1,ad6234fc
2014-07-19T23:01:46.296,102.213425,80.69789655584935,1,fd3a0792
2014-07-19T23:01:46.299,101.98512,70.37148519930336,1,0cb2f76c
2014-07-19T23:01:46.300,103.398674,71.84742433808768,1,20bcf0ad
2014-07-19T23:01:47.181,109.27042,77.89910548809543,1,593942df
2014-07-19T23:01:46.293,111.10559,89.79952189260722,2,1c01962e
2014-07-19T23:01:46.300,103.8341,71.71568510501855,2,21e1ffee
2014-07-19T23:01:46.300,109.90955,66.94422751595849,2,1bd4e1e0
2014-07-19T23:01:46.300,112.64823,91.01853378265189,2,ed3c7f8f
2014-07-19T23:01:46.300,110.120026,66.27525659922138,2,f8c4ee12
2014-07-19T23:01:46.300,99.75786,67.53981674481277,2,5a51716a
2014-07-19T23:01:46.302,98.422,65.38318333441019,2,e6b24f52
2014-07-19T23:01:46.519,110.234886,66.21517185792537,2,3cc9e48a
2014-07-19T23:01:47.181,110.06327,66.16576094674156,2,b20e5d99
2014-07-19T23:01:47.181,110.11199,66.14470089504519,2,ac9cbee6
2014-07-19T23:01:47.185,103.84414,71.466325808177,2,091cba73
2014-07-19T23:01:46.298,56.90003,69.32939633117995,3,42816716
2014-07-19T23:01:47.186,109.22525,71.4965696499087,3,214b2a1f
2014-07-19T23:01:48.281,104.65326,82.86194942237437,1,fd3a0792
2014-07-19T23:01:48.281,66.60697,65.67519546053396,1,37df7bfe
2014-07-19T23:01:48.278,103.84662,72.01699260188639,2,21e1ffee
2014-07-19T23:01:48.279,110.11646,66.27657631845796,2,f8c4ee12
2014-07-19T23:01:48.279,109.739265,89.70107149058603,2,ed3c7f8f
2014-07-19T23:01:48.279,104.49023,71.58152653563046,2,31a3a23f
2014-07-19T23:01:48.283,110.11153,88.07792694989685,2,62b7e6d2
2014-07-19T23:01:48.499,110.248474,66.23616324783862,2,b20e5d99
2014-07-19T23:01:48.501,107.2514,88.15891815973818,2,2f15d692
2014-07-19T23:01:48.501,105.22367,70.32514670903073,2,091cba73
2014-07-19T23:01:48.272,57.110767,69.01344589770451,3,42816716
2014-07-19T23:01:48.279,106.474075,72.96090106482151,3,39b2795d
2014-07-19T23:01:48.502,109.313225,71.6156113111528,3,214b2a1f
2014-07-19T23:01:49.356,103.299515,71.7278050033832,2,767a4ef0
2014-07-19T23:01:49.356,110.22852,66.22022476065182,2,57874daa
2014-07-19T23:01:49.358,109.92062,66.93734392792359,2,1bd4e1e0
2014-07-19T23:01:49.358,109.65263,71.46601304898505,3,51f21bd3
2014-07-19T23:01:49.583,64.72102,66.39885348671022,1,37df7bfe
2014-07-19T23:01:49.578,107.23349,88.17488860252872,2,2f15d692
2014-07-19T23:01:49.580,109.993355,67.77599474450597,2,b20e5d99
2014-07-19T23:01:49.580,110.101814,66.27202937962139,2,f8c4ee12
2014-07-19T23:01:49.581,104.07162,71.77121643890277,2,31a3a23f
2014-07-19T23:01:49.576,56.957664,69.32217641967,3,42816716
2014-07-19T23:01:49.580,106.474075,72.96090106482151,3,39b2795d
2014-07-19T23:01:49.585,109.313225,71.6156113111528,3,214b2a1f
2014-07-19T23:01:49.786,110.62007,97.71496233166103,3,17c725e9
2014-07-19T23:01:51.097,103.60828,81.0469535112977,1,d47e520d
2014-07-19T23:01:51.103,62.595757,67.50231832398126,1,37df7bfe
2014-07-19T23:01:51.316,104.01643,71.62956693720166,1,0ccefb5e
2014-07-19T23:01:51.096,103.42789,71.20786894569173,2,600dfbe2
2014-07-19T23:01:51.105,110.23438,66.23286851406121,2,3cc9e48a
2014-07-19T23:01:51.105,110.24293,66.23800262622558,2,57874daa
2014-07-19T23:01:51.105,109.9769,66.80422790381685,2,1bd4e1e0
2014-07-19T23:01:51.105,103.75119,71.48635742754117,2,74d917a1
2014-07-19T23:01:51.106,107.88793,88.93578369657719,2,ed3c7f8f
2014-07-19T23:01:51.106,110.09817,66.27558008179278,2,f8c4ee12
2014-07-19T23:01:51.097,109.57952,95.79575939481356,3,17c725e9
2014-07-19T23:01:51.097,104.63088,90.68988214981765,3,22533c61
2014-07-19T23:01:51.103,109.313225,71.6156113111528,3,214b2a1f
2014-07-19T23:01:51.104,56.89181,69.60030899563158,3,42816716
2014-07-19T23:01:51.105,107.319786,69.74070897928462,3,51f21bd3
2014-07-19T23:01:51.600,99.87301,72.96690715849982,1,042e36bd
2014-07-19T23:01:51.818,110.28683,71.19090372510837,2,b20e5d99
2014-07-19T23:01:52.468,103.50565,71.24944589810656,2,600dfbe2
2014-07-19T23:01:52.469,110.24004,66.24722312906036,2,57874daa
2014-07-19T23:01:52.470,110.09352,66.2763267938802,2,f8c4ee12
2014-07-19T23:01:52.470,107.885155,88.9370867543316,2,ed3c7f8f
2014-07-19T23:01:52.468,57.046772,69.2818793254323,3,42816716
2014-07-19T23:01:52.470,102.15691,72.51402353653708,3,39b2795d
2014-07-19T23:01:52.472,109.22525,71.4965696499087,3,214b2a1f
2014-07-19T23:01:52.702,109.9769,66.80422790381685,2,1bd4e1e0
2014-07-19T23:01:53.400,104.63162,90.67218282312527,3,22533c61
2014-07-19T23:01:53.402,88.2647,66.6637851510758,3,f011b9a9
2014-07-19T23:01:54.994,103.40437,71.81656990315858,1,20bcf0ad
2014-07-19T23:01:54.312,102.97149,71.49715553423412,2,625f6cb6
2014-07-19T23:01:54.313,110.20201,66.27271892853175,2,57874daa
2014-07-19T23:01:54.314,103.84678,71.88636978576542,2,21e1ffee
2014-07-19T23:01:54.314,110.24404,66.21495670024515,2,1bd4e1e0
2014-07-19T23:01:54.315,110.00939,66.33218525882833,2,f8c4ee12
2014-07-19T23:01:54.315,76.97449,62.000295175611974,2,fcda4bda
2014-07-19T23:01:54.552,111.10559,89.79952189260722,2,1c01962e
2014-07-19T23:01:54.552,105.26968,87.61461280044378,2,ed3c7f8f
2014-07-19T23:01:54.311,56.791965,68.73071489200281,3,42816716
2014-07-19T23:01:54.312,102.58197,80.50289339257776,3,95f1b6bd
2014-07-19T23:01:54.314,101.3165,72.54439421370998,3,39b2795d
2014-07-19T23:01:54.316,109.313225,71.6156113111528,3,214b2a1f
2014-07-19T23:01:54.990,104.68348,90.42977238445752,3,22533c61
2014-07-19T23:01:55.467,105.69527,69.58552122975235,1,0cb2f76c
2014-07-19T23:01:55.466,103.50565,71.24944589810656,2,600dfbe2
2014-07-19T23:01:55.468,63.478962,61.3206530002575,2,725fc915
2014-07-19T23:01:57.351,108.620415,72.17077677935012,1,593942df
2014-07-19T23:01:57.355,112.08128,91.73899688705895,1,fd3a0792
2014-07-19T23:01:55.951,110.20201,66.27271892853175,2,57874daa
2014-07-19T23:01:55.952,110.09769,66.28524141788856,2,f8c4ee12
2014-07-19T23:01:55.953,103.82081,71.46292281106138,2,5a51716a
2014-07-19T23:01:56.672,109.95846,88.91993182972655,2,1c01962e
2014-07-19T23:01:57.351,103.47985,71.24626734051877,2,600dfbe2
2014-07-19T23:01:57.355,105.90698,73.14313727021218,2,d05c03a0
2014-07-19T23:01:55.950,57.226147,68.54032233665005,3,42816716
2014-07-19T23:01:55.954,109.27964,71.52132188879908,3,214b2a1f
2014-07-19T23:01:57.353,108.54042,93.9108942305902,3,17c725e9
2014-07-19T23:01:58.473,106.71301,76.44651090437173,1,d39bc6ad
2014-07-19T23:01:58.478,110.25629,86.62953732849658,1,545a7008
2014-07-19T23:01:58.479,56.198498,66.21655796556972,1,a9a9944a
2014-07-19T23:01:58.472,107.98808,88.9700239445353,2,31a2eda7
2014-07-19T23:01:58.478,110.10827,66.40689991582208,2,091cba73
2014-07-19T23:01:58.478,103.74331,71.59435724999965,2,21e1ffee
2014-07-19T23:01:58.478,110.09594,66.29244251833879,2,f8c4ee12
2014-07-19T23:01:58.478,109.96356,88.9946873177439,2,ed3c7f8f
2014-07-19T23:01:58.478,63.478962,61.3206530002575,2,725fc915
2014-07-19T23:01:58.476,109.192375,71.40428536194587,3,214b2a1f
2014-07-19T23:01:58.476,57.70349,68.48916282707452,3,42816716
2014-07-19T23:01:59.353,103.77365,71.46668619746342,1,3007face
2014-07-19T23:01:59.357,66.74075,66.34118521750347,1,37df7bfe
2014-07-19T23:01:59.808,110.15394,86.52034075967245,1,545a7008
2014-07-19T23:02:07.496,102.039505,73.43186598379258,1,285d22e4
2014-07-19T23:01:59.354,102.49128,71.78008346458175,2,625f6cb6
2014-07-19T23:01:59.356,103.74489,71.3886178108165,2,d05c03a0
2014-07-19T23:01:59.584,110.249054,66.20860885978118,2,1bd4e1e0
2014-07-19T23:01:59.806,110.06071,66.29690408466594,2,f8c4ee12
2014-07-19T23:01:59.806,110.641,89.48008498533838,2,ed3c7f8f
2014-07-19T23:02:07.480,109.95859,88.89887526813521,2,1c01962e
2014-07-19T23:02:07.480,101.83018,69.5327295557654,2,b1ec53fe
2014-07-19T23:02:07.490,103.79713,71.4980468323382,2,26fc890b
2014-07-19T23:02:07.494,110.205986,66.23465504201152,2,57874daa
2014-07-19T23:02:07.494,103.823586,71.26736136573018,2,b43212e2
2014-07-19T23:02:07.495,104.38654,87.42113422286906,2,7219124f
2014-07-19T23:02:07.495,103.807495,71.49527567392587,2,21e1ffee
2014-07-19T23:02:07.496,112.25265,70.18117384090111,2,f33d96f3
2014-07-19T23:02:07.496,110.251884,66.20986605729559,2,655f7545
2014-07-19T23:02:07.496,113.85425,88.82089063858986,2,3c3649fb
2014-07-19T23:01:59.354,108.89223,94.43262531735095,3,17c725e9
2014-07-19T23:01:59.358,57.87857,64.20889540622011,3,b40222f3
2014-07-19T23:01:59.806,57.419964,68.29870947629918,3,42816716
2014-07-19T23:01:59.809,109.55447,71.57569878645451,3,214b2a1f
2014-07-19T23:02:07.479,104.69326,90.48997749249102,3,22533c61
2014-07-19T23:02:07.479,104.851395,90.77828199874703,3,76130e72
2014-07-19T23:02:07.492,110.055885,72.97408170654089,3,62b7e6d2
2014-07-19T23:02:07.496,57.636364,69.01542907109537,3,f5381e59
2014-07-19T23:02:07.496,109.379745,71.54473405309115,3,51f21bd3
2014-07-19T23:02:08.567,108.23748,78.19096991104283,1,d39bc6ad
2014-07-19T23:02:08.572,57.39502,67.04752638339997,1,37df7bfe
2014-07-19T23:02:09.534,103.772255,71.45906593071507,1,3007face
2014-07-19T23:02:09.535,108.42397,78.81204176660836,1,545a7008
2014-07-19T23:02:08.571,103.713455,71.37952270659153,2,d05c03a0
2014-07-19T23:02:08.572,110.243996,66.22640878983796,2,15d8290d
2014-07-19T23:02:08.575,102.56251,72.08553763198876,2,625f6cb6
2014-07-19T23:02:08.577,110.121124,66.29325585842506,2,f8c4ee12
2014-07-19T23:02:08.577,108.90768,88.95361514905677,2,ed3c7f8f
2014-07-19T23:02:08.579,99.30032,67.36455981243029,2,e6b24f52
2014-07-19T23:02:08.799,104.38147,85.46415086323023,2,7219124f
2014-07-19T23:02:08.799,103.80404,71.49724961115257,2,21e1ffee
2014-07-19T23:02:08.799,110.21584,66.22800800842256,2,57874daa
2014-07-19T23:02:08.801,103.774216,71.25215581850055,2,b43212e2
2014-07-19T23:02:09.536,110.21602,66.29004688576703,2,ac9cbee6
2014-07-19T23:02:08.572,57.609066,65.31753804483456,3,b40222f3